title,price,currency,brand,prereduction_price,discount
Youth 530,52.25,BHD,New Balance,,
Youth Campus 00S,32.9,BHD,adidas Originals,46.50,-30%
Youth Copa Pure IV Club IN,13.78,BHD,Adidas,22.66,-40%
Tensaur Switch Shoes Kids,15.6,BHD,Adidas,20.49,-24%
Kids Handball Spezial,20.38,BHD,adidas Originals,30.24,-33%
Youth Gel-Nyc Gs,49.51,BHD,asics,52.36,-6%
Kids Copa Pure Iv League Tf,17.99,BHD,Adidas,32.41,-45%
Youth 408,21.97,BHD,New Balance,27.00,-19%
Kids Campus 00S C,20.95,BHD,adidas Originals,35.67,-42%
Youth Deportivo III TF,13.78,BHD,Adidas,18.32,-25%
Tensaur Comfort Shoes Kids,23.79,BHD,Adidas,,
Kids Breakbase,18.9,BHD,Adidas,22.66,-17%
Kids Runfalcon 5 El,16.39,BHD,Adidas,21.57,-25%
Air Jordan 1 Mid,37.34,BHD,Jordan,57.35,-35%
Youth Gazelle,12.63,BHD,adidas Originals,43.26,-71%
Kids Chuck Taylor All Star,14.57,BHD,CONVERSE,27.00,-47%
Youth Tensaur Run 3.0,11.95,BHD,Adidas,22.66,-48%
Kids Chuck Taylor All Star,11.5,BHD,CONVERSE,19.41,-41%
AIR MAX 270 BG,28,BHD,Nike,67.75,-59%
Youth Runfalcon 5 El,12.98,BHD,Adidas,21.57,-40%
Nike Jr. Tiempo Legend 10 Academy,10.02,BHD,Nike,35.67,-72%
Kids Smash 3.0 L V Ps,11.73,BHD,PUMA,21.57,-46%
Youth Runfalcon 5,18.78,BHD,Adidas,24.83,-25%
Infant Samba Og Cf El,22.42,BHD,adidas Originals,30.24,-26%
Youth Handball Spezial,30.62,BHD,adidas Originals,46.50,-35%
Youth Terrain Clogs,23.79,BHD,crocs,,
Infant Samba Og Cf El,21.4,BHD,adidas Originals,25.91,-18%
Youth Rickie,19.58,BHD,PUMA,21.57,-10%
Infant Adilette Estrap Buz,11.16,BHD,Adidas,13.98,-21%
Kids Runfalcon 5 El,16.39,BHD,Adidas,21.57,-25%
Air Jordan 1 Mid,37.34,BHD,Jordan,57.35,-35%
Kids Samba Og,32.9,BHD,adidas Originals,,
Kids Handball Spezial,35.17,BHD,adidas Originals,,
NIKE STAR RUNNER 5 GS,28.34,BHD,Nike,35.17,-20%
Tensaur Comfort Shoes Kids,14.8,BHD,Adidas,19.41,-24%
Youth Gazelle,28.69,BHD,adidas Originals,43.26,-34%
Kids Bounder,12.07,BHD,SKECHERS,16.48,-27%
Infant Vl Court 3.0 Cf,23.11,BHD,Adidas,24.93,-8%
Youth Gel-Nyc Gs,42.46,BHD,asics,48.78,-13%
Kids Duramo Sl2 El,17.87,BHD,Adidas,22.66,-22%
Kids Samba Og Cf El C,26.52,BHD,adidas Originals,35.67,-26%
Kids Duramo Sl2 El C,18.9,BHD,Adidas,22.66,-17%
Infant Duramo Sl2 El,17.64,BHD,Adidas,20.49,-14%
Infant Grand Court Mickey,16.74,BHD,Adidas,22.66,-27%
Infant Runfalcon 5 El,17.64,BHD,Adidas,19.41,-10%
Kids Go Run 400 V2,18.44,BHD,SKECHERS,,
Kids Chuck Taylor All Star,14.57,BHD,CONVERSE,27.00,-47%
Kids Campus 00S El C,15.48,BHD,adidas Originals,35.67,-57%
Kids Grand Court Spider-Man,20.26,BHD,Adidas,27.00,-25%
Kids Duramo Sl2 El,17.07,BHD,Adidas,22.66,-25%
Youth Grand Court 3.0,16.39,BHD,Adidas,22.66,-28%
Kids Barreda Decode Elsa,20.26,BHD,Adidas,27.00,-25%
Youth Gs Jet '25,21.74,BHD,UNDER ARMOUR,32.41,-33%
Kids Tensaur Comfort Ac,16.39,BHD,Adidas,21.57,-25%
Youth Runfalcon 5,17.76,BHD,Adidas,24.83,-29%
Kids Campus 00S C,20.95,BHD,adidas Originals,35.67,-42%
Kids Tensaur Comfort Ac,15.94,BHD,Adidas,21.57,-27%
Youth Handball Spezial,28.23,BHD,adidas Originals,46.50,-40%
Kids Tensaur Run 3.0 El,18.78,BHD,Adidas,19.41,-4%
Youth Fortarun 4.0,20.26,BHD,Adidas,28.08,-28%
Kids Bounder,14,BHD,SKECHERS,16.48,-16%
